期号,开奖日期,号码1,号码2,号码3,号码4,号码5,号码6,号码7
26047,2026-04-28,3,9,8,2,5,0,8
26046,2026-04-26,8,8,5,6,2,3,13
26045,2026-04-24,1,3,2,8,9,6,14
26044,2026-04-21,7,6,2,0,9,1,1
26043,2026-04-19,6,5,9,5,8,9,11
26042,2026-04-17,6,5,1,8,1,3,6
26041,2026-04-14,7,9,1,1,4,9,13
26040,2026-04-12,0,7,7,1,8,7,4
26039,2026-04-10,0,6,6,2,5,2,12
26038,2026-04-07,0,7,1,3,0,2,13
26037,2026-04-05,9,9,6,9,4,0,1
26036,2026-04-03,2,8,8,9,7,9,8
26035,2026-03-31,7,4,2,7,2,7,2
26034,2026-03-29,3,9,9,1,5,3,5
26033,2026-03-27,1,8,9,1,9,3,14
26032,2026-03-24,3,1,6,4,4,5,14
26031,2026-03-22,6,8,9,5,2,2,13
26030,2026-03-20,1,9,8,1,5,9,13
26029,2026-03-17,1,4,0,4,3,2,11
26028,2026-03-15,7,9,8,0,1,1,6
26027,2026-03-13,8,7,7,3,6,0,9
26026,2026-03-10,2,6,9,8,3,8,14
26025,2026-03-08,8,4,0,5,5,3,13
26024,2026-03-06,5,4,4,9,0,3,12
26023,2026-03-03,2,8,3,8,4,8,13
26022,2026-03-01,7,9,9,1,0,2,3
26021,2026-02-27,6,4,3,5,6,3,2
26020,2026-02-24,5,5,0,9,5,6,4
26019,2026-02-13,6,0,8,8,2,7,1
26018,2026-02-10,2,9,3,6,5,7,2
26017,2026-02-08,8,0,2,6,8,0,0
26016,2026-02-06,6,4,3,7,3,4,13
26015,2026-02-03,0,1,9,9,1,1,5
26014,2026-02-01,9,8,8,2,5,1,1
26013,2026-01-30,9,5,5,2,3,6,6
26012,2026-01-27,6,4,0,6,6,8,6
26011,2026-01-25,6,3,5,2,7,3,13
26010,2026-01-23,8,3,9,2,6,3,2
26009,2026-01-20,8,0,1,9,5,6,2
26008,2026-01-18,4,5,4,1,9,9,14
26007,2026-01-16,5,0,3,9,5,9,0
26006,2026-01-13,8,1,8,5,6,4,0
26005,2026-01-11,4,4,8,6,6,4,14
26004,2026-01-09,4,4,1,5,3,6,1
26003,2026-01-06,5,5,1,9,3,1,0
26002,2026-01-04,3,4,5,5,9,8,9
26001,2026-01-02,1,1,1,2,4,1,1
25151,2025-12-30,8,8,7,5,7,6,9
25150,2025-12-28,8,5,3,1,8,7,1
25149,2025-12-26,2,8,8,6,5,2,7
25148,2025-12-23,2,7,0,9,4,8,10
25147,2025-12-21,1,5,6,0,1,3,5
25146,2025-12-19,6,4,0,8,5,6,13
25145,2025-12-16,8,9,0,9,9,8,6
25144,2025-12-14,0,5,1,2,0,4,7
25143,2025-12-12,0,1,6,3,7,6,7
25142,2025-12-09,4,2,4,9,9,1,6
25141,2025-12-07,4,1,9,5,3,0,4
25140,2025-12-05,3,0,6,9,2,7,11
25139,2025-12-02,7,8,3,4,9,8,3
25138,2025-11-30,9,2,3,5,1,0,0
25137,2025-11-28,6,4,9,7,5,8,2
25136,2025-11-25,8,9,5,9,9,4,0
25135,2025-11-23,8,6,7,2,6,1,9
25134,2025-11-21,3,4,9,8,8,9,13
25133,2025-11-18,2,4,7,9,1,3,4
25132,2025-11-16,3,2,3,6,9,9,9
25131,2025-11-14,3,5,0,2,1,1,0
25130,2025-11-11,7,0,4,0,3,4,5
25129,2025-11-09,9,7,0,6,3,7,3
25128,2025-11-07,3,2,1,1,1,2,12
25127,2025-11-04,4,1,9,0,7,5,6
25126,2025-11-02,2,9,6,6,2,4,12
25125,2025-10-31,4,5,6,3,8,7,9
25124,2025-10-28,4,0,0,8,8,0,10
25123,2025-10-26,8,0,6,5,7,9,7
25122,2025-10-24,8,3,5,2,6,5,10
25121,2025-10-21,8,4,8,1,4,5,3
25120,2025-10-19,8,5,1,1,9,6,8
25119,2025-10-17,3,9,8,9,5,9,10
25118,2025-10-14,7,0,4,1,7,7,11
25117,2025-10-12,4,5,4,2,7,1,4
25116,2025-10-10,6,6,4,2,3,1,9
25115,2025-10-07,1,7,0,6,2,9,12
25114,2025-10-05,8,3,3,2,8,3,3
25113,2025-09-30,0,9,1,4,1,1,8
25112,2025-09-28,5,5,7,1,4,6,10
25111,2025-09-26,9,0,4,8,4,2,11
25110,2025-09-23,6,5,2,8,1,9,12
25109,2025-09-21,3,6,7,1,8,3,13
25108,2025-09-19,0,2,1,1,9,1,9
25107,2025-09-16,8,4,8,8,2,0,3
25106,2025-09-14,9,2,6,9,2,1,3
25105,2025-09-12,7,8,7,3,4,7,0
25104,2025-09-09,9,1,2,3,7,9,0
25103,2025-09-07,7,6,2,2,4,0,3
25102,2025-09-05,7,7,7,6,6,8,8
25101,2025-09-02,5,0,5,0,3,6,12
25100,2025-08-31,0,7,4,3,4,6,8
25099,2025-08-29,7,2,3,9,4,5,12
25098,2025-08-26,2,4,8,4,0,7,8
25097,2025-08-24,3,9,7,3,6,5,6
25096,2025-08-22,2,6,3,0,4,7,9
25095,2025-08-19,6,1,5,2,9,3,13
25094,2025-08-17,6,1,0,6,4,1,12
25093,2025-08-15,0,7,4,8,2,8,10
25092,2025-08-12,9,7,0,2,0,1,4
25091,2025-08-10,2,0,4,9,3,8,8
25090,2025-08-08,9,5,1,8,0,8,6
25089,2025-08-05,7,1,9,6,0,0,14
25088,2025-08-03,5,4,6,6,0,4,14
25087,2025-08-01,1,6,4,7,6,4,14
25086,2025-07-29,9,7,6,3,1,6,13
25085,2025-07-27,9,4,5,4,3,8,2
25084,2025-07-25,1,4,5,6,0,6,4
25083,2025-07-22,5,4,5,0,7,5,7
25082,2025-07-20,1,8,5,9,6,3,10
25081,2025-07-18,4,1,9,0,2,3,2
25080,2025-07-15,3,1,1,9,7,1,2
25079,2025-07-13,5,7,2,7,6,4,11
25078,2025-07-11,3,2,8,7,0,5,3
25077,2025-07-08,0,2,3,4,5,2,6
25076,2025-07-06,7,1,7,2,8,3,1
25075,2025-07-04,2,9,1,7,1,8,5
25074,2025-07-01,4,8,9,7,7,3,6
25073,2025-06-29,1,4,2,6,3,5,12
25072,2025-06-27,0,8,5,7,0,3,1
25071,2025-06-24,5,0,3,7,2,5,0
25070,2025-06-22,2,6,5,9,2,5,11
25069,2025-06-20,5,3,5,4,2,5,3
25068,2025-06-17,3,9,0,7,7,2,3
25067,2025-06-15,2,2,1,9,1,4,2
25066,2025-06-13,6,8,5,7,4,4,1
25065,2025-06-10,2,0,0,8,5,8,10
25064,2025-06-08,0,2,9,3,8,3,6
25063,2025-06-06,5,4,9,2,7,5,12
25062,2025-06-03,1,2,6,6,8,2,5
25061,2025-06-01,2,7,0,6,3,6,5
25060,2025-05-30,0,5,1,7,7,0,5
25059,2025-05-27,6,4,6,7,9,5,14
25058,2025-05-25,1,3,6,6,8,6,13
25057,2025-05-23,0,8,7,0,0,6,3
25056,2025-05-20,6,0,7,4,8,2,2
25055,2025-05-18,1,4,6,1,1,7,1
25054,2025-05-16,9,4,1,3,1,5,4
25053,2025-05-13,5,0,0,6,3,4,10
25052,2025-05-11,1,5,9,2,7,0,8
25051,2025-05-09,0,3,3,0,5,4,11
25050,2025-05-06,7,8,3,1,1,1,4
25049,2025-05-04,2,3,5,4,8,7,5
25048,2025-05-02,2,1,7,8,7,8,2
25047,2025-04-29,3,5,2,1,0,3,12
25046,2025-04-27,8,5,7,2,6,2,2
25045,2025-04-25,2,3,4,6,5,1,1
25044,2025-04-22,0,6,1,9,0,8,11
25043,2025-04-20,0,3,0,8,5,7,11
25042,2025-04-18,6,3,9,7,9,7,4
25041,2025-04-15,7,5,1,8,7,1,4
25040,2025-04-13,7,8,3,3,9,8,9
25039,2025-04-11,3,4,5,7,3,3,4
25038,2025-04-08,9,4,9,1,3,5,2
25037,2025-04-06,0,2,2,2,6,6,7
25036,2025-04-04,2,8,4,8,6,5,9
25035,2025-04-01,6,6,6,8,0,3,8
25034,2025-03-30,0,9,2,8,4,0,6
25033,2025-03-28,1,7,7,7,6,6,8
25032,2025-03-25,9,0,5,0,2,5,9
25031,2025-03-23,4,7,8,1,3,5,7
25030,2025-03-21,6,4,7,8,8,8,14
25029,2025-03-18,1,4,9,0,5,7,1
25028,2025-03-16,3,4,1,6,9,7,3
25027,2025-03-14,8,2,3,5,6,0,12
25026,2025-03-11,9,5,4,3,4,8,12
25025,2025-03-09,8,8,6,4,0,1,14
25024,2025-03-07,9,0,7,0,7,0,0
25023,2025-03-04,1,2,4,5,5,7,8
25022,2025-03-02,1,2,0,4,0,6,5
25021,2025-02-28,3,2,2,1,2,8,13
25020,2025-02-25,7,9,8,2,0,5,9
25019,2025-02-23,0,5,0,5,2,3,10
25018,2025-02-21,6,9,6,6,4,2,10
25017,2025-02-18,1,3,0,6,6,8,10
25016,2025-02-16,9,1,5,4,7,6,11
25015,2025-02-14,0,3,6,5,4,9,13
25014,2025-02-11,6,7,5,1,3,5,3
25013,2025-02-09,3,7,4,7,9,0,7
25012,2025-02-07,4,5,6,7,9,5,11
25011,2025-01-26,1,8,7,2,7,9,14
25010,2025-01-24,3,4,8,4,1,0,3
25009,2025-01-21,8,3,7,8,7,4,6
25008,2025-01-19,1,1,3,8,2,4,10
25007,2025-01-17,0,2,7,5,0,2,1
25006,2025-01-14,6,6,4,1,2,5,11
25005,2025-01-12,1,6,3,3,2,4,3
25004,2025-01-10,4,7,2,0,0,2,5
25003,2025-01-07,8,9,3,5,4,8,11
25002,2025-01-05,6,9,6,4,2,8,14
25001,2025-01-03,2,3,3,0,9,2,0
24151,2024-12-31,7,6,4,0,8,5,0
24150,2024-12-29,3,4,6,7,6,6,10
24149,2024-12-27,0,7,0,8,4,8,2
24148,2024-12-24,4,6,5,0,9,8,11
24147,2024-12-22,4,8,2,9,0,4,6
24146,2024-12-20,0,2,6,2,0,9,13
24145,2024-12-17,9,1,3,8,7,0,4
24144,2024-12-15,3,9,9,3,5,9,10
24143,2024-12-13,2,8,7,1,2,9,4
24142,2024-12-10,5,8,9,9,3,2,9
24141,2024-12-08,1,5,8,5,1,3,8
24140,2024-12-06,2,9,6,1,2,6,3
24139,2024-12-03,9,7,0,1,5,4,5
24138,2024-12-01,4,6,5,1,7,2,14
24137,2024-11-29,3,9,1,9,2,8,0
24136,2024-11-26,7,7,7,8,1,6,1
24135,2024-11-24,0,2,5,3,9,7,12
24134,2024-11-22,1,3,9,8,8,8,10
24133,2024-11-19,2,7,7,2,9,5,5
24132,2024-11-17,5,4,2,8,0,3,5
24131,2024-11-15,5,2,2,9,9,3,12
24130,2024-11-12,7,8,0,0,8,3,6
24129,2024-11-10,4,0,6,6,4,7,5
24128,2024-11-08,9,3,0,0,9,8,1
24127,2024-11-05,7,7,6,5,8,2,2
24126,2024-11-03,9,8,0,2,5,1,0
24125,2024-11-01,9,9,2,9,9,0,11
24124,2024-10-29,3,7,7,5,3,0,9
24123,2024-10-27,0,3,1,6,2,1,10
24122,2024-10-25,3,7,6,8,2,1,11
24121,2024-10-22,2,0,7,8,8,1,4
24120,2024-10-20,0,8,3,0,4,8,4
24119,2024-10-18,0,7,3,1,9,5,6
24118,2024-10-15,9,9,6,9,7,0,6
24117,2024-10-13,1,4,8,4,7,5,6
24116,2024-10-11,0,4,6,7,3,4,9
24115,2024-10-08,8,4,4,8,8,9,5
24114,2024-10-06,7,8,1,6,7,4,1
24113,2024-09-29,2,4,6,3,4,4,10
24112,2024-09-27,5,3,1,6,7,3,4
24111,2024-09-24,3,4,2,4,1,1,0
24110,2024-09-22,5,4,1,5,4,1,5
24109,2024-09-20,9,6,9,3,2,1,14
24108,2024-09-17,3,7,5,7,6,2,14
24107,2024-09-15,3,8,5,7,9,0,2
24106,2024-09-13,3,4,9,3,2,8,5
24105,2024-09-10,1,4,4,0,2,0,2
24104,2024-09-08,5,0,8,2,6,8,0
24103,2024-09-06,0,6,2,5,8,5,6
24102,2024-09-03,4,9,7,2,2,9,8
24101,2024-09-01,6,2,5,0,3,3,6
24100,2024-08-30,8,8,7,2,8,5,12
24099,2024-08-27,1,1,7,7,7,1,3
24098,2024-08-25,2,4,3,9,5,7,9
24097,2024-08-23,9,8,0,1,5,0,2
24096,2024-08-20,2,2,7,5,9,0,6
24095,2024-08-18,7,6,9,0,3,6,2
24094,2024-08-16,6,3,3,3,5,6,6
24093,2024-08-13,2,3,0,0,7,9,13
24092,2024-08-11,3,0,4,7,2,2,8
24091,2024-08-09,7,6,1,1,9,4,4
24090,2024-08-06,4,6,1,6,8,0,3
24089,2024-08-04,2,9,2,0,1,6,8
24088,2024-08-02,5,6,3,9,9,1,1
24087,2024-07-30,0,1,1,7,6,3,0
24086,2024-07-28,7,5,8,0,3,4,11
24085,2024-07-26,4,3,7,6,3,7,4
24084,2024-07-23,1,5,6,6,5,3,9
24083,2024-07-21,4,6,6,2,0,8,10
24082,2024-07-19,5,7,7,6,7,7,0
24081,2024-07-16,2,7,4,8,2,5,1
24080,2024-07-14,4,5,9,7,9,0,0
24079,2024-07-12,8,3,2,0,4,9,11
24078,2024-07-09,9,3,4,9,1,3,11
24077,2024-07-07,6,2,3,2,8,8,0
24076,2024-07-05,2,4,1,2,4,8,4
24075,2024-07-02,6,5,9,8,8,1,11
24074,2024-06-30,5,2,8,1,7,9,5
24073,2024-06-28,7,4,1,7,8,3,10
24072,2024-06-25,5,4,2,7,7,6,12
24071,2024-06-23,3,9,9,2,2,7,5
24070,2024-06-21,5,5,8,8,3,8,14
24069,2024-06-18,8,0,7,2,1,8,2
24068,2024-06-16,6,5,8,3,2,3,7
24067,2024-06-14,3,4,6,4,3,0,8
24066,2024-06-11,7,1,5,6,3,4,0
24065,2024-06-09,9,5,5,1,4,4,6
24064,2024-06-07,8,4,4,4,2,1,10
24063,2024-06-04,6,3,1,5,3,6,3
24062,2024-06-02,4,7,3,1,8,9,6
24061,2024-05-31,1,5,9,0,3,7,1
24060,2024-05-28,2,4,7,0,7,1,1
24059,2024-05-26,7,0,8,5,2,6,4
24058,2024-05-24,3,9,3,1,7,8,12
24057,2024-05-21,1,9,6,8,6,2,10
24056,2024-05-19,8,6,3,3,8,9,8
24055,2024-05-17,6,5,2,7,6,3,14
24054,2024-05-14,8,6,2,3,1,4,7
24053,2024-05-12,1,9,6,3,6,9,10
24052,2024-05-10,1,3,5,0,9,4,14
24051,2024-05-07,5,6,5,5,7,7,1
24050,2024-05-05,4,9,6,9,2,6,3
24049,2024-05-03,3,5,3,8,8,1,1
24048,2024-04-30,5,5,6,7,0,2,5
24047,2024-04-28,4,2,7,6,4,5,2
24046,2024-04-26,4,3,8,5,2,4,6
24045,2024-04-23,5,2,9,7,6,9,7
24044,2024-04-21,1,9,9,6,7,0,2
24043,2024-04-19,6,7,2,3,3,8,11
24042,2024-04-16,8,0,1,5,3,0,2
24041,2024-04-14,9,8,9,8,8,8,1
24040,2024-04-12,6,2,2,0,7,2,7
24039,2024-04-09,1,5,5,3,1,2,9
24038,2024-04-07,7,8,9,9,2,2,4
24037,2024-04-05,1,1,0,8,1,9,0
24036,2024-04-02,1,7,5,5,2,9,8
24035,2024-03-31,5,0,7,9,7,9,7
24034,2024-03-29,9,1,7,3,3,5,3
24033,2024-03-26,8,3,4,0,2,1,12
24032,2024-03-24,7,5,6,9,5,7,4
24031,2024-03-22,5,6,8,6,3,6,8
24030,2024-03-19,7,5,8,2,7,9,3
24029,2024-03-17,0,4,1,5,7,2,8
24028,2024-03-15,7,9,2,5,6,4,3
24027,2024-03-12,3,1,4,3,4,8,1
24026,2024-03-10,2,6,1,0,4,7,10
24025,2024-03-08,4,1,8,1,3,0,13
24024,2024-03-05,2,0,4,4,6,2,1
24023,2024-03-03,4,0,2,0,4,4,13
24022,2024-03-01,1,6,7,6,4,6,6
24021,2024-02-27,1,9,6,4,7,5,6
24020,2024-02-25,1,6,5,3,2,3,14
24019,2024-02-23,5,8,2,7,4,5,4
24018,2024-02-20,9,4,7,8,2,1,0
24017,2024-02-18,1,3,9,5,7,1,3
24016,2024-02-06,5,9,3,5,8,4,10
24015,2024-02-04,2,1,1,7,4,0,11
24014,2024-02-02,3,7,1,9,0,5,5
24013,2024-01-30,1,0,2,1,6,6,4
24012,2024-01-28,1,5,7,3,4,5,10
24011,2024-01-26,2,1,9,2,5,9,10
24010,2024-01-23,6,7,9,3,1,1,4
24009,2024-01-21,4,3,5,1,8,7,9
24008,2024-01-19,5,9,9,0,9,2,1
24007,2024-01-16,2,0,9,9,7,2,3
24006,2024-01-14,3,2,3,4,1,6,4
24005,2024-01-12,9,1,7,5,9,5,7
24004,2024-01-09,3,4,1,1,8,2,6
24003,2024-01-07,0,5,1,4,6,2,11
24002,2024-01-05,8,9,2,9,2,1,11
24001,2024-01-02,9,8,8,4,3,1,9
23151,2023-12-31,3,2,8,5,7,0,11
23150,2023-12-29,1,6,1,2,9,3,5
23149,2023-12-26,8,3,5,9,2,8,6
23148,2023-12-24,0,4,8,1,0,6,3
23147,2023-12-22,7,3,1,1,8,1,9
23146,2023-12-19,1,2,9,8,0,1,6
23145,2023-12-17,5,1,6,2,4,4,8
23144,2023-12-15,1,2,1,9,7,0,0
23143,2023-12-12,1,2,6,0,9,5,13
23142,2023-12-10,3,3,8,6,1,5,3
23141,2023-12-08,5,1,4,4,6,2,6
23140,2023-12-05,0,0,0,3,6,9,2
23139,2023-12-03,6,1,4,6,1,4,9
23138,2023-12-01,4,6,7,2,7,5,7
23137,2023-11-28,7,8,6,4,7,6,13
23136,2023-11-26,7,9,7,1,9,1,5
23135,2023-11-24,4,6,9,5,5,5,9
23134,2023-11-21,9,9,0,6,5,8,11
23133,2023-11-19,3,4,5,6,9,3,10
23132,2023-11-17,7,2,0,7,9,3,1
23131,2023-11-14,4,7,4,2,3,5,2
23130,2023-11-12,7,5,6,8,0,9,12
23129,2023-11-10,4,4,0,4,5,4,11
23128,2023-11-07,5,2,1,2,7,4,11
23127,2023-11-05,7,3,1,1,7,9,5
23126,2023-11-03,2,8,1,9,6,3,10
23125,2023-10-31,0,8,5,6,7,1,9
23124,2023-10-29,8,3,0,9,5,1,8
23123,2023-10-27,2,3,5,2,3,4,11
23122,2023-10-24,3,6,1,5,9,8,12
23121,2023-10-22,8,5,6,8,3,4,10
23120,2023-10-20,6,9,3,6,7,8,14
23119,2023-10-17,9,1,9,2,5,5,10
23118,2023-10-15,4,0,4,5,4,4,11
23117,2023-10-13,6,9,3,5,8,2,4
23116,2023-10-10,1,2,5,5,3,5,6
23115,2023-10-08,0,8,1,0,7,7,10
23114,2023-10-06,6,1,5,3,3,1,14
23113,2023-09-29,2,5,1,9,8,0,3
23112,2023-09-26,1,8,1,6,8,8,9
23111,2023-09-24,5,3,8,8,4,8,14
23110,2023-09-22,3,5,1,4,3,0,6
23109,2023-09-19,3,8,3,1,9,7,0
23108,2023-09-17,0,1,9,8,9,9,13
23107,2023-09-15,0,2,0,5,6,4,5
23106,2023-09-12,0,5,8,1,2,5,7
23105,2023-09-10,3,2,9,7,6,1,0
23104,2023-09-08,9,4,4,8,2,8,10
23103,2023-09-05,3,4,0,8,9,5,11
23102,2023-09-03,5,9,0,4,3,1,0
23101,2023-09-01,5,6,6,2,9,8,6
23100,2023-08-29,9,4,3,9,3,1,6
23099,2023-08-27,9,5,4,5,3,6,14
23098,2023-08-25,1,6,0,9,4,9,1
23097,2023-08-22,7,6,4,5,6,3,14
23096,2023-08-20,4,5,6,2,8,4,11
23095,2023-08-18,9,3,3,7,7,9,11
23094,2023-08-15,3,6,4,2,2,8,2
23093,2023-08-13,1,8,0,0,3,7,2
23092,2023-08-11,2,1,1,1,2,6,5
23091,2023-08-08,9,9,3,9,5,3,4
23090,2023-08-06,3,3,9,1,8,7,12
23089,2023-08-04,3,2,2,5,1,4,8
23088,2023-08-01,5,6,2,5,0,7,10
23087,2023-07-30,4,1,1,1,3,6,14
23086,2023-07-28,7,0,9,8,2,5,5
23085,2023-07-25,9,7,4,6,7,3,8
23084,2023-07-23,0,1,5,8,7,0,10
23083,2023-07-21,4,9,9,1,2,3,4
23082,2023-07-18,6,4,3,8,3,8,11
23081,2023-07-16,3,1,0,7,1,9,14
23080,2023-07-14,8,4,1,7,8,6,10
23079,2023-07-11,8,5,2,7,9,4,5
23078,2023-07-09,3,4,4,7,1,2,5
23077,2023-07-07,4,7,7,1,0,8,14
23076,2023-07-04,9,9,3,2,5,8,4
23075,2023-07-02,5,4,2,3,1,9,1
23074,2023-06-30,0,8,1,6,3,2,12
23073,2023-06-27,3,0,7,7,7,0,9
23072,2023-06-25,8,7,0,2,5,8,4
23071,2023-06-23,4,9,9,3,1,2,4
23070,2023-06-20,8,7,9,2,6,2,9
23069,2023-06-18,4,2,8,8,2,7,5
23068,2023-06-16,9,1,0,1,0,1,11
23067,2023-06-13,2,9,0,3,0,6,1
23066,2023-06-11,2,2,4,3,8,5,3
23065,2023-06-09,3,0,9,6,9,2,6
23064,2023-06-06,2,6,1,5,7,7,0
23063,2023-06-04,6,2,1,9,3,2,5
23062,2023-06-02,6,2,6,9,2,9,5
23061,2023-05-30,4,7,1,1,2,4,9
23060,2023-05-28,8,7,1,4,2,9,13
23059,2023-05-26,7,3,6,0,7,2,2
23058,2023-05-23,1,9,2,8,7,5,12
23057,2023-05-21,0,4,2,1,8,4,5
23056,2023-05-19,6,4,8,8,8,7,13
23055,2023-05-16,7,8,6,5,0,6,7
23054,2023-05-14,9,9,9,9,2,7,8
23053,2023-05-12,5,5,7,7,4,3,2
23052,2023-05-09,1,7,3,6,7,1,7
23051,2023-05-07,0,3,0,9,5,5,2
23050,2023-05-05,4,0,9,8,7,3,7
23049,2023-05-02,8,7,9,5,6,1,9
23048,2023-04-30,1,1,7,8,0,7,12
23047,2023-04-28,9,0,0,5,1,0,5
23046,2023-04-25,3,8,2,8,4,1,12
23045,2023-04-23,1,4,5,3,3,0,5
23044,2023-04-21,8,1,3,5,3,8,5
23043,2023-04-18,1,4,5,3,8,3,9
23042,2023-04-16,0,2,0,5,6,0,5
23041,2023-04-14,8,6,0,0,4,5,1
23040,2023-04-11,8,2,1,4,6,5,3
23039,2023-04-09,0,7,3,0,7,4,5
23038,2023-04-07,1,8,5,8,3,5,1
23037,2023-04-04,1,9,5,0,9,0,6
23036,2023-04-02,9,8,0,9,6,5,12
23035,2023-03-31,6,1,7,1,2,3,1
23034,2023-03-28,7,2,4,5,0,6,13
23033,2023-03-26,6,8,8,2,1,6,14
23032,2023-03-24,0,8,0,4,1,4,10
23031,2023-03-21,4,5,0,7,2,6,10
23030,2023-03-19,1,1,4,4,8,5,10
23029,2023-03-17,3,6,0,8,0,7,4
23028,2023-03-14,5,1,2,6,0,1,13
23027,2023-03-12,8,6,9,8,6,4,12
23026,2023-03-10,0,7,3,3,2,2,4
23025,2023-03-07,7,8,5,4,3,3,9
23024,2023-03-05,6,6,9,2,0,8,1
23023,2023-03-03,5,6,0,0,8,5,12
23022,2023-02-28,7,9,9,7,7,6,11
23021,2023-02-26,6,1,6,8,2,6,7
23020,2023-02-24,2,2,5,4,9,5,3
23019,2023-02-21,1,7,4,7,6,7,2
23018,2023-02-19,2,8,0,4,2,3,4
23017,2023-02-17,6,6,5,7,2,9,1
23016,2023-02-14,5,2,7,8,1,8,10
23015,2023-02-12,7,5,7,3,9,2,9
23014,2023-02-10,1,5,2,4,1,6,11
23013,2023-02-07,5,8,2,4,4,1,13
23012,2023-02-05,4,7,6,3,0,0,0
23011,2023-02-03,7,6,8,9,5,9,1
23010,2023-01-31,3,3,9,4,2,9,5
23009,2023-01-29,0,4,2,2,4,2,14
23008,2023-01-17,2,8,3,2,7,8,11
23007,2023-01-15,2,5,2,8,0,7,7
23006,2023-01-13,4,1,0,4,9,4,9
23005,2023-01-10,0,0,4,2,6,2,11
23004,2023-01-08,1,2,5,7,7,9,7
23003,2023-01-06,9,0,1,0,2,9,10
23002,2023-01-03,9,8,4,3,0,4,10
23001,2023-01-01,3,5,0,9,7,8,12
22150,2022-12-30,9,6,9,0,9,0,13
22149,2022-12-27,6,9,8,2,2,4,3
22148,2022-12-25,7,2,9,3,3,1,9
22147,2022-12-23,4,7,1,3,7,8,7
22146,2022-12-20,1,2,0,1,4,1,5
22145,2022-12-18,7,1,6,3,8,8,6
22144,2022-12-16,2,8,7,9,7,7,5
22143,2022-12-13,5,0,4,6,8,6,2
22142,2022-12-11,3,0,3,6,2,7,12
22141,2022-12-09,0,6,0,3,6,7,13
22140,2022-12-06,8,2,4,8,0,4,10
22139,2022-12-04,1,3,3,6,4,9,3
22138,2022-12-02,8,4,5,1,1,4,6
22137,2022-11-29,2,3,9,4,9,0,9
22136,2022-11-27,5,2,2,3,5,4,12
22135,2022-11-25,8,8,1,3,0,7,11
22134,2022-11-22,4,7,9,6,7,2,6
22133,2022-11-20,1,4,7,8,6,1,4
22132,2022-11-18,2,4,7,9,1,2,8
22131,2022-11-15,0,8,2,6,5,1,2
22130,2022-11-13,7,8,0,3,4,8,4
22129,2022-11-11,8,7,3,3,4,0,7
22128,2022-11-08,2,3,6,9,7,1,12
22127,2022-11-06,8,9,4,7,0,0,13
22126,2022-11-04,3,4,4,5,3,3,13
22125,2022-11-01,5,1,9,4,0,5,14
22124,2022-10-30,3,8,4,5,4,9,0
22123,2022-10-28,1,4,6,4,9,8,12
22122,2022-10-25,2,6,4,7,4,9,5
22121,2022-10-23,6,2,8,3,4,9,11
22120,2022-10-21,6,0,8,3,9,4,7
22119,2022-10-18,0,7,8,8,1,6,5
22118,2022-10-16,8,1,0,7,7,1,12
22117,2022-10-14,3,1,2,5,6,9,5
22116,2022-10-11,2,5,9,7,9,1,4
22115,2022-10-09,8,2,3,4,5,0,13
22114,2022-10-07,8,8,9,5,2,6,13
22113,2022-09-30,7,9,1,6,7,3,7
22112,2022-09-27,8,9,2,0,1,1,11
22111,2022-09-25,0,5,0,5,2,0,5
22110,2022-09-23,4,7,7,1,0,8,12
22109,2022-09-20,9,4,8,0,6,8,14
22108,2022-09-18,2,8,5,7,7,2,10
22107,2022-09-16,9,6,3,1,4,7,5
22106,2022-09-13,5,8,0,0,7,9,3
22105,2022-09-11,4,2,3,4,9,4,6
22104,2022-09-09,3,9,5,0,1,6,2
22103,2022-09-06,2,0,2,0,2,3,12
22102,2022-09-04,7,2,5,7,0,5,9
22101,2022-09-02,3,7,7,6,9,0,11
22100,2022-08-30,0,7,4,2,5,6,6
22099,2022-08-28,9,7,9,4,2,0,10
22098,2022-08-26,1,6,8,5,4,4,12
22097,2022-08-23,5,1,0,5,6,2,11
22096,2022-08-21,1,7,8,7,0,6,10
22095,2022-08-19,3,5,7,0,1,6,14
22094,2022-08-16,4,1,6,3,3,1,14
22093,2022-08-14,4,1,7,7,7,4,0
22092,2022-08-12,8,7,8,3,7,5,4
22091,2022-08-09,1,7,9,2,0,7,9
22090,2022-08-07,4,2,4,2,6,2,4
22089,2022-08-05,9,8,7,7,3,1,13
22088,2022-08-02,6,9,6,2,6,4,6
22087,2022-07-31,7,8,0,7,3,9,13
22086,2022-07-29,4,6,4,9,6,3,2
22085,2022-07-26,5,6,7,7,8,7,0
22084,2022-07-24,9,4,2,8,9,2,11
22083,2022-07-22,3,9,2,5,4,1,12
22082,2022-07-19,9,5,2,9,7,0,8
22081,2022-07-17,6,5,2,5,6,2,0
22080,2022-07-15,0,3,9,9,8,0,13
22079,2022-07-12,9,3,0,5,4,3,6
22078,2022-07-10,6,9,4,2,8,8,2
22077,2022-07-08,6,5,1,0,3,0,11
22076,2022-07-05,1,7,8,5,3,8,5
22075,2022-07-03,3,5,3,9,0,8,8
22074,2022-07-01,2,9,0,3,1,1,14
22073,2022-06-28,8,3,8,3,6,1,13
22072,2022-06-26,4,1,3,8,9,3,9
22071,2022-06-24,7,1,7,2,6,2,12
22070,2022-06-21,1,6,8,6,9,9,5
22069,2022-06-19,3,1,3,5,7,0,13
22068,2022-06-17,8,3,9,1,6,8,4
22067,2022-06-14,3,1,0,5,6,8,13
22066,2022-06-12,0,1,2,8,7,2,13
22065,2022-06-10,8,4,1,4,4,7,8
22064,2022-06-07,6,3,8,3,3,0,7
22063,2022-06-05,9,7,1,6,9,2,7
22062,2022-06-03,4,2,1,0,3,0,3
22061,2022-05-31,6,5,6,5,4,1,13
22060,2022-05-29,1,3,1,4,4,9,9
22059,2022-05-27,6,1,9,1,4,3,3
22058,2022-05-24,4,4,1,7,4,0,14
22057,2022-05-22,8,5,6,6,8,9,0
22056,2022-05-20,6,5,6,3,5,0,14
22055,2022-05-17,3,1,9,4,6,2,13
22054,2022-05-15,3,7,3,7,1,9,1
22053,2022-05-13,3,5,9,2,0,4,13
22052,2022-05-10,7,3,9,1,5,6,11
22051,2022-05-08,4,6,8,2,8,8,6
22050,2022-05-06,5,5,3,4,2,4,0
22049,2022-05-03,4,9,0,1,7,0,5
22048,2022-05-01,6,5,3,3,9,4,14
22047,2022-04-29,2,9,5,1,6,3,9
22046,2022-04-26,4,5,0,1,1,3,8
22045,2022-04-24,5,6,0,4,0,9,8
22044,2022-04-22,5,0,5,6,9,9,6
22043,2022-04-19,6,5,6,5,6,4,2
22042,2022-04-17,9,6,4,2,0,1,5
22041,2022-04-15,4,2,6,5,1,9,3
22040,2022-04-12,2,9,5,8,8,9,0
22039,2022-04-10,0,9,3,3,3,6,9
22038,2022-04-08,1,9,5,5,7,7,12
22037,2022-04-05,9,3,5,0,1,2,3
22036,2022-04-03,3,2,1,0,1,6,9
22035,2022-04-01,2,9,1,6,5,8,3
22034,2022-03-29,0,4,3,0,6,5,9
22033,2022-03-27,5,8,3,5,1,1,13
22032,2022-03-25,9,3,9,8,2,1,13
22031,2022-03-22,7,1,8,0,8,5,7
22030,2022-03-20,2,8,4,9,2,5,8
22029,2022-03-18,6,1,6,1,3,5,7
22028,2022-03-15,1,1,2,8,1,4,5
22027,2022-03-13,9,1,1,3,2,3,7
22026,2022-03-11,1,6,4,8,1,7,1
22025,2022-03-08,6,6,0,4,6,6,3
22024,2022-03-06,8,2,6,5,3,5,12
22023,2022-03-04,5,1,2,3,7,2,11
22022,2022-03-01,4,1,0,4,8,1,12
22021,2022-02-27,6,1,3,0,2,9,0
22020,2022-02-25,2,6,5,9,5,0,1
22019,2022-02-22,8,8,0,6,3,0,6
22018,2022-02-20,7,4,9,4,7,3,0
22017,2022-02-18,7,0,5,4,9,8,13
22016,2022-02-15,6,4,6,5,6,6,9
22015,2022-02-13,1,2,8,9,9,1,8
22014,2022-02-11,3,1,3,8,2,5,6
22013,2022-02-08,5,7,6,6,5,4,8
22012,2022-01-28,2,3,1,2,3,8,9
22011,2022-01-25,8,0,2,9,2,9,10
22010,2022-01-23,1,1,5,8,3,9,0
22009,2022-01-21,9,3,5,6,8,4,8
22008,2022-01-18,6,2,7,6,5,8,5
22007,2022-01-16,6,2,1,9,8,1,7
22006,2022-01-14,8,7,5,8,8,0,9
22005,2022-01-11,3,9,9,8,5,4,12
22004,2022-01-09,9,0,6,2,4,4,11
22003,2022-01-07,4,3,5,3,9,7,0
22002,2022-01-04,6,6,3,6,8,8,13
22001,2022-01-02,3,4,5,6,7,1,14
21151,2021-12-31,6,1,3,6,6,1,13
21150,2021-12-28,8,8,4,6,3,8,5
21149,2021-12-26,7,8,0,8,0,7,9
21148,2021-12-24,6,4,0,0,2,4,4
21147,2021-12-21,1,6,0,2,7,9,3
21146,2021-12-19,0,1,3,8,0,1,11
21145,2021-12-17,6,0,7,3,0,2,4
21144,2021-12-14,4,7,4,8,3,9,2
21143,2021-12-12,8,0,6,4,5,6,10
21142,2021-12-10,3,2,0,4,1,1,13
21141,2021-12-07,4,0,4,7,0,0,13
21140,2021-12-05,9,8,2,7,1,0,7
21139,2021-12-03,2,8,3,0,6,0,14
21138,2021-11-30,2,3,6,6,6,9,9
21137,2021-11-28,5,6,4,6,2,3,11
21136,2021-11-26,5,3,2,7,0,5,2
21135,2021-11-23,4,3,6,2,3,3,9
21134,2021-11-21,2,8,1,3,9,2,8
21133,2021-11-19,0,2,7,2,5,1,11
21132,2021-11-16,1,0,6,1,2,0,6
21131,2021-11-14,1,2,4,9,9,2,6
21130,2021-11-12,1,1,5,3,4,5,6
21129,2021-11-09,1,8,3,1,1,7,7
21128,2021-11-07,7,6,4,1,0,5,9
21127,2021-11-05,2,3,2,9,3,4,0
21126,2021-11-02,7,8,6,1,9,8,2
21125,2021-10-31,0,6,5,3,7,7,11
21124,2021-10-29,7,2,4,1,1,3,12
21123,2021-10-26,2,4,2,0,0,7,0
21122,2021-10-24,6,8,8,1,6,8,3
21121,2021-10-22,5,9,5,7,0,2,8
21120,2021-10-19,3,4,3,7,8,1,10
21119,2021-10-17,5,6,2,6,8,9,14
21118,2021-10-15,8,2,1,3,7,6,0
21117,2021-10-12,6,9,6,1,7,9,9
21116,2021-10-10,7,7,0,3,4,0,7
21115,2021-10-08,5,3,7,8,0,6,11
21114,2021-10-05,8,4,0,1,8,7,14
21113,2021-09-28,0,5,4,0,1,8,5
21112,2021-09-26,1,0,2,4,6,6,6
21111,2021-09-24,1,9,9,9,0,5,5
21110,2021-09-21,7,1,9,6,4,9,7
21109,2021-09-19,4,3,0,7,9,4,13
21108,2021-09-17,4,7,0,0,8,7,8
21107,2021-09-14,3,9,3,1,9,2,0
21106,2021-09-12,4,7,9,0,2,8,5
21105,2021-09-10,3,8,2,8,1,3,2
21104,2021-09-07,0,1,8,2,5,7,9
21103,2021-09-05,5,5,6,9,9,8,3
21102,2021-09-03,1,1,6,4,7,6,4
21101,2021-08-31,8,1,5,6,0,8,10
21100,2021-08-29,0,2,3,5,5,9,14
21099,2021-08-27,4,0,0,3,7,8,7
21098,2021-08-24,1,0,7,7,9,6,5
21097,2021-08-22,0,5,5,4,4,5,0
21096,2021-08-20,6,0,5,5,9,3,13
21095,2021-08-17,4,6,5,7,6,7,6
21094,2021-08-15,4,8,1,5,7,1,1
21093,2021-08-13,7,5,6,7,3,9,8
21092,2021-08-10,9,9,7,9,1,2,14
21091,2021-08-08,8,6,9,4,7,3,5
21090,2021-08-06,2,6,8,7,0,4,6
21089,2021-08-03,3,8,5,9,8,3,10
21088,2021-08-01,9,7,5,6,2,5,5
21087,2021-07-30,3,6,2,9,8,8,3
21086,2021-07-27,1,1,9,4,2,0,0
21085,2021-07-25,0,3,5,9,3,2,7
21084,2021-07-23,4,3,1,6,6,7,0
21083,2021-07-20,9,8,8,4,7,9,13
21082,2021-07-18,4,7,5,1,3,5,5
21081,2021-07-16,5,2,7,3,0,3,4
21080,2021-07-13,7,2,2,8,2,4,7
21079,2021-07-11,1,1,2,5,0,8,11
21078,2021-07-09,0,7,3,3,1,8,7
21077,2021-07-06,1,2,8,6,2,6,11
21076,2021-07-04,8,1,6,8,0,0,3
21075,2021-07-02,1,9,5,4,2,7,10
21074,2021-06-29,2,0,7,2,1,5,12
21073,2021-06-27,3,5,9,3,3,4,5
21072,2021-06-25,2,5,4,8,7,5,11
21071,2021-06-22,7,6,3,7,5,3,11
21070,2021-06-20,2,0,3,3,6,9,11
21069,2021-06-18,2,5,4,9,5,3,2
21068,2021-06-15,8,8,4,8,5,1,14
21067,2021-06-13,7,0,8,8,8,1,3
21066,2021-06-11,5,9,1,0,4,4,2
21065,2021-06-08,8,7,4,0,8,6,10
21064,2021-06-06,2,0,2,5,5,5,3
21063,2021-06-04,9,5,4,8,2,9,3
21062,2021-06-01,8,6,1,1,8,7,2
21061,2021-05-30,4,5,4,6,0,2,8
21060,2021-05-28,6,0,4,5,8,4,7
21059,2021-05-25,8,9,6,6,6,2,14
21058,2021-05-23,4,1,5,7,1,4,12
21057,2021-05-21,8,6,1,1,5,2,7
21056,2021-05-18,3,8,1,0,0,3,11
21055,2021-05-16,5,1,8,4,7,3,14
21054,2021-05-14,4,9,6,6,4,9,4
21053,2021-05-11,1,4,3,6,4,6,11
21052,2021-05-09,7,3,3,5,5,8,14
21051,2021-05-07,4,6,0,0,3,9,14
21050,2021-05-04,3,1,9,0,3,0,2
21049,2021-05-02,3,4,4,4,0,5,14
21048,2021-04-30,2,3,9,6,2,1,5
21047,2021-04-27,4,0,1,9,8,3,13
21046,2021-04-25,9,3,5,9,5,3,14
21045,2021-04-23,2,6,0,0,2,8,14
21044,2021-04-20,0,4,4,9,6,3,5
21043,2021-04-18,4,6,0,2,1,3,5
21042,2021-04-16,1,9,6,3,9,7,2
21041,2021-04-13,7,2,8,8,9,0,14
21040,2021-04-11,4,9,3,9,5,0,12
21039,2021-04-09,0,7,0,2,8,4,14
21038,2021-04-06,1,5,8,1,4,1,11
21037,2021-04-04,7,8,1,0,0,2,13
21036,2021-04-02,2,3,3,9,5,1,2
21035,2021-03-30,1,3,6,5,7,8,4
21034,2021-03-28,3,5,2,3,1,1,3
21033,2021-03-26,0,7,6,2,3,7,9
21032,2021-03-23,4,5,2,5,2,0,0
21031,2021-03-21,8,6,8,6,1,7,1
21030,2021-03-19,0,2,9,2,6,3,10
21029,2021-03-16,5,5,4,4,0,8,6
21028,2021-03-14,9,3,5,4,4,4,6
21027,2021-03-12,9,3,7,6,3,2,0
21026,2021-03-09,3,9,9,2,1,7,4
21025,2021-03-07,4,4,1,8,0,0,10
21024,2021-03-05,5,6,5,1,7,2,3
21023,2021-03-02,9,3,9,7,9,2,14
21022,2021-02-28,0,2,5,9,2,6,0
21021,2021-02-26,2,8,5,4,8,5,8
21020,2021-02-23,9,9,4,0,0,3,14
21019,2021-02-21,4,5,9,0,8,2,6
21018,2021-02-19,7,9,2,7,8,0,1
21017,2021-02-07,5,2,2,0,7,9,11
21016,2021-02-05,7,5,2,9,1,8,4
21015,2021-02-02,7,7,6,5,4,8,11
21014,2021-01-31,7,7,1,7,6,2,11
21013,2021-01-29,6,7,2,0,4,4,9
21012,2021-01-26,0,3,7,0,1,1,9
21011,2021-01-24,5,6,5,6,3,0,4
21010,2021-01-22,4,8,1,5,5,7,6
21009,2021-01-19,9,7,9,0,8,8,5
21008,2021-01-17,5,0,7,4,3,7,14
21007,2021-01-15,1,8,2,9,0,1,12
21006,2021-01-12,2,3,9,2,5,4,13
21005,2021-01-10,0,9,5,3,7,0,0
21004,2021-01-08,0,0,7,8,4,9,1
21003,2021-01-05,9,7,2,3,8,1,14
21002,2021-01-03,7,0,7,0,7,8,8
21001,2021-01-01,5,2,1,0,3,5,13
20133,2020-12-29,1,9,5,9,0,2,12
20132,2020-12-27,5,5,2,9,7,9,6
20131,2020-12-25,8,5,0,0,3,8,9
20130,2020-12-22,5,3,9,8,0,6,4
20129,2020-12-20,7,8,3,9,1,8,5
20128,2020-12-18,4,2,9,7,1,8,1
20127,2020-12-15,3,5,8,5,8,2,13
20126,2020-12-13,9,7,1,3,8,3,13
20125,2020-12-11,1,9,1,1,7,4,6
20124,2020-12-08,4,1,0,9,5,2,11
20123,2020-12-06,7,7,1,6,4,1,4
20122,2020-12-04,6,0,1,9,8,7,9
20121,2020-12-01,1,2,7,9,8,4,9
20120,2020-11-29,5,0,4,0,4,8,14
20119,2020-11-27,2,2,2,7,2,3,7
20118,2020-11-24,7,5,1,1,6,8,14
20117,2020-11-22,7,9,0,5,0,6,5
20116,2020-11-20,9,7,3,0,3,1,10
20115,2020-11-17,1,3,4,8,8,5,4
20114,2020-11-15,8,8,7,3,4,5,0
20113,2020-11-13,4,9,8,0,0,3,4
20112,2020-11-10,0,4,4,4,9,4,6
20111,2020-11-08,3,3,9,0,5,8,14
20110,2020-11-06,6,4,5,7,5,8,2
20109,2020-11-03,9,1,9,4,1,8,3
20108,2020-11-01,3,3,2,0,5,1,6
20107,2020-10-30,2,3,8,9,3,7,0
20106,2020-10-27,3,1,8,9,0,8,1
20105,2020-10-25,4,1,7,1,8,2,4
20104,2020-10-23,5,0,9,9,3,1,0
20103,2020-10-20,0,8,1,6,5,3,6
20102,2020-10-18,9,5,3,3,3,3,9
20101,2020-10-16,3,6,9,5,4,3,12
20100,2020-10-13,5,6,0,0,2,1,7
